batch_size,layer_number,kernel_dim,pool_dim,lr,fc1,fc2,f1_goalpost,f1_ball,f1_robot,f1_goalspot,f1_centerspot,f1_macro_avg
64,4,3,2,0.0001,128,128,0.5791245791245792,0.40358744394618834,0.9070100143061517,0.3708609271523179,0.2962962962962963,0.5113758521651067
64,4,3,2,0.001,128,128,0.5671641791044776,0.4645669291338583,0.9024745269286754,0.16393442622950818,0.38961038961038963,0.49755009020138175
64,4,3,3,0.0001,128,128,0.5229681978798587,0.46511627906976744,0.9088319088319088,0.3708609271523179,0.28,0.5095554625867706
64,4,3,3,0.001,128,128,0.5213675213675214,0.4979919678714859,0.9104046242774566,0.1694915254237288,0.23255813953488372,0.4663627556950153
64,4,7,2,0.0001,128,128,0.5317460317460317,0.4691358024691358,0.8941176470588236,0.20689655172413793,0.3076923076923077,0.4819176681380874
64,4,7,2,0.001,128,128,0.6453900709219859,0.5964912280701754,0.9190751445086706,0.38461538461538464,0.5,0.6091143656232433
64,4,7,3,0.0001,128,128,0.6758620689655173,0.631578947368421,0.9032258064516129,0.39416058394160586,0.5205479452054794,0.6250750703865273
